Province/State,Country,Confirmed,Deaths,Recovered,ObservationDate
Anhui,Mainland China,1,0,0,22-01-2020
Anhui,Mainland China,9,0,0,23-01-2020
Anhui,Mainland China,15,0,0,24-01-2020
Anhui,Mainland China,39,0,0,25-01-2020
Anhui,Mainland China,60,0,0,26-01-2020
Anhui,Mainland China,70,0,0,27-01-2020
Anhui,Mainland China,106,0,0,28-01-2020
Anhui,Mainland China,152,0,2,29-01-2020
Anhui,Mainland China,200,0,2,30-01-2020
Anhui,Mainland China,237,0,3,31-01-2020
Anhui,Mainland China,297,0,5,01-02-2020
Anhui,Mainland China,340,0,7,02-02-2020
Anhui,Mainland China,408,0,14,03-02-2020
Anhui,Mainland China,480,0,20,04-02-2020
Anhui,Mainland China,530,0,23,05-02-2020
Anhui,Mainland China,591,0,34,06-02-2020
Anhui,Mainland China,665,0,47,07-02-2020
Anhui,Mainland China,733,0,59,08-02-2020
Anhui,Mainland China,779,1,72,09-02-2020
Anhui,Mainland China,830,3,88,10-02-2020
Anhui,Mainland China,860,4,105,11-02-2020
Anhui,Mainland China,889,4,127,12-02-2020
Anhui,Mainland China,910,5,157,13-02-2020
Anhui,Mainland China,934,6,193,14-02-2020
Anhui,Mainland China,950,6,221,15-02-2020
Anhui,Mainland China,962,6,255,16-02-2020
Anhui,Mainland China,973,6,280,17-02-2020
Anhui,Mainland China,982,6,361,18-02-2020
Anhui,Mainland China,986,6,413,19-02-2020
Anhui,Mainland China,987,6,474,20-02-2020
Anhui,Mainland China,988,6,539,21-02-2020
Anhui,Mainland China,989,6,597,22-02-2020
Anhui,Mainland China,989,6,637,23-02-2020
Anhui,Mainland China,989,6,663,24-02-2020
Anhui,Mainland China,989,6,712,25-02-2020
Anhui,Mainland China,989,6,744,26-02-2020
Anhui,Mainland China,989,6,792,27-02-2020
Anhui,Mainland China,990,6,821,28-02-2020
Anhui,Mainland China,990,6,868,29-02-2020
Anhui,Mainland China,990,6,873,01-03-2020
Anhui,Mainland China,990,6,917,02-03-2020
Anhui,Mainland China,990,6,936,03-03-2020
Anhui,Mainland China,990,6,956,04-03-2020
Anhui,Mainland China,990,6,970,05-03-2020
Anhui,Mainland China,990,6,979,06-03-2020
Anhui,Mainland China,990,6,979,07-03-2020
Anhui,Mainland China,990,6,984,08-03-2020
Anhui,Mainland China,990,6,984,09-03-2020
Anhui,Mainland China,990,6,984,10-03-2020
Anhui,Mainland China,990,6,984,11-03-2020
Anhui,Mainland China,990,6,984,12-03-2020
Anhui,Mainland China,990,6,984,13-03-2020
Anhui,Mainland China,990,6,984,14-03-2020
Anhui,Mainland China,990,6,984,15-03-2020
Beijing,Mainland China,14,0,0,22-01-2020
Beijing,Mainland China,22,0,0,23-01-2020
Beijing,Mainland China,36,0,1,24-01-2020
Beijing,Mainland China,41,0,2,25-01-2020
Beijing,Mainland China,68,0,2,26-01-2020
Beijing,Mainland China,80,1,2,27-01-2020
Beijing,Mainland China,91,1,4,28-01-2020
Beijing,Mainland China,111,1,4,29-01-2020
Beijing,Mainland China,114,1,4,30-01-2020
Beijing,Mainland China,139,1,5,31-01-2020
Beijing,Mainland China,168,1,9,01-02-2020
Beijing,Mainland China,191,1,9,02-02-2020
Beijing,Mainland China,212,1,12,03-02-2020
Beijing,Mainland China,228,1,23,04-02-2020
Beijing,Mainland China,253,1,24,05-02-2020
Beijing,Mainland China,274,1,31,06-02-2020
Beijing,Mainland China,297,1,33,07-02-2020
Beijing,Mainland China,315,2,34,08-02-2020
Beijing,Mainland China,326,2,37,09-02-2020
Beijing,Mainland China,337,2,44,10-02-2020
Beijing,Mainland China,342,3,48,11-02-2020
Beijing,Mainland China,352,3,56,12-02-2020
Beijing,Mainland China,366,3,69,13-02-2020
Beijing,Mainland China,372,3,80,14-02-2020
Beijing,Mainland China,375,4,98,15-02-2020
Beijing,Mainland China,380,4,108,16-02-2020
Beijing,Mainland China,381,4,114,17-02-2020
Beijing,Mainland China,387,4,122,18-02-2020
Beijing,Mainland China,393,4,145,19-02-2020
Beijing,Mainland China,395,4,153,20-02-2020
Beijing,Mainland China,396,4,169,21-02-2020
Beijing,Mainland China,399,4,178,22-02-2020
Beijing,Mainland China,399,4,189,23-02-2020
Beijing,Mainland China,399,4,198,24-02-2020
Beijing,Mainland China,400,4,215,25-02-2020
Beijing,Mainland China,400,4,235,26-02-2020
Beijing,Mainland China,410,5,248,27-02-2020
Beijing,Mainland China,410,7,257,28-02-2020
Beijing,Mainland China,411,8,271,29-02-2020
Beijing,Mainland China,413,8,276,01-03-2020
Beijing,Mainland China,414,8,282,02-03-2020
Beijing,Mainland China,414,8,288,03-03-2020
Beijing,Mainland China,418,8,297,04-03-2020
Beijing,Mainland China,418,8,297,05-03-2020
Beijing,Mainland China,422,8,299,06-03-2020
Beijing,Mainland China,426,8,303,07-03-2020
Beijing,Mainland China,428,8,308,08-03-2020
Beijing,Mainland China,428,8,315,09-03-2020
Beijing,Mainland China,429,8,320,10-03-2020
Beijing,Mainland China,435,8,326,11-03-2020
Beijing,Mainland China,435,8,334,12-03-2020
Beijing,Mainland China,436,8,342,13-03-2020
Beijing,Mainland China,437,8,349,14-03-2020
Beijing,Mainland China,442,8,353,15-03-2020
Chongqing,Mainland China,6,0,0,22-01-2020
Chongqing,Mainland China,9,0,0,23-01-2020
Chongqing,Mainland China,27,0,0,24-01-2020
Chongqing,Mainland China,57,0,0,25-01-2020
Chongqing,Mainland China,75,0,0,26-01-2020
Chongqing,Mainland China,110,0,0,27-01-2020
Chongqing,Mainland China,132,0,0,28-01-2020
Chongqing,Mainland China,147,0,1,29-01-2020
Chongqing,Mainland China,182,0,1,30-01-2020
Chongqing,Mainland China,211,0,1,31-01-2020
Chongqing,Mainland China,247,1,3,01-02-2020
Chongqing,Mainland China,300,2,7,02-02-2020
Chongqing,Mainland China,337,2,9,03-02-2020
Chongqing,Mainland China,366,2,9,04-02-2020
Chongqing,Mainland China,389,2,15,05-02-2020
Chongqing,Mainland China,411,2,24,06-02-2020
Chongqing,Mainland China,426,2,31,07-02-2020
Chongqing,Mainland China,428,2,39,08-02-2020
Chongqing,Mainland China,468,2,51,09-02-2020
Chongqing,Mainland China,486,2,66,10-02-2020
Chongqing,Mainland China,505,3,79,11-02-2020
Chongqing,Mainland China,518,3,102,12-02-2020
Chongqing,Mainland China,529,4,128,13-02-2020
Chongqing,Mainland China,537,5,152,14-02-2020
Chongqing,Mainland China,544,5,184,15-02-2020
Chongqing,Mainland China,551,5,207,16-02-2020
Chongqing,Mainland China,553,5,225,17-02-2020
Chongqing,Mainland China,555,5,254,18-02-2020
Chongqing,Mainland China,560,5,274,19-02-2020
Chongqing,Mainland China,567,6,299,20-02-2020
Chongqing,Mainland China,572,6,316,21-02-2020
Chongqing,Mainland China,573,6,328,22-02-2020
Chongqing,Mainland China,575,6,335,23-02-2020
Chongqing,Mainland China,576,6,349,24-02-2020
Chongqing,Mainland China,576,6,372,25-02-2020
Chongqing,Mainland China,576,6,384,26-02-2020
Chongqing,Mainland China,576,6,401,27-02-2020
Chongqing,Mainland China,576,6,422,28-02-2020
Chongqing,Mainland China,576,6,438,29-02-2020
Chongqing,Mainland China,576,6,450,01-03-2020
Chongqing,Mainland China,576,6,469,02-03-2020
Chongqing,Mainland China,576,6,490,03-03-2020
Chongqing,Mainland China,576,6,502,04-03-2020
Chongqing,Mainland China,576,6,512,05-03-2020
Chongqing,Mainland China,576,6,513,06-03-2020
Chongqing,Mainland China,576,6,526,07-03-2020
Chongqing,Mainland China,576,6,527,08-03-2020
Chongqing,Mainland China,576,6,542,09-03-2020
Chongqing,Mainland China,576,6,547,10-03-2020
Chongqing,Mainland China,576,6,554,11-03-2020
Chongqing,Mainland China,576,6,564,12-03-2020
Chongqing,Mainland China,576,6,566,13-03-2020
Chongqing,Mainland China,576,6,569,14-03-2020
Chongqing,Mainland China,576,6,570,15-03-2020
Fujian,Mainland China,1,0,0,22-01-2020
Fujian,Mainland China,5,0,0,23-01-2020
Fujian,Mainland China,10,0,0,24-01-2020
Fujian,Mainland China,18,0,0,25-01-2020
Fujian,Mainland China,35,0,0,26-01-2020
Fujian,Mainland China,59,0,0,27-01-2020
Fujian,Mainland China,80,0,0,28-01-2020
Fujian,Mainland China,84,0,0,29-01-2020
Fujian,Mainland China,101,0,0,30-01-2020
Fujian,Mainland China,120,0,0,31-01-2020
Fujian,Mainland China,144,0,0,01-02-2020
Fujian,Mainland China,159,0,0,02-02-2020
Fujian,Mainland China,179,0,1,03-02-2020
Fujian,Mainland China,194,0,3,04-02-2020
Fujian,Mainland China,205,0,11,05-02-2020
Fujian,Mainland China,215,0,14,06-02-2020
Fujian,Mainland China,224,0,20,07-02-2020
Fujian,Mainland China,239,0,24,08-02-2020
Fujian,Mainland China,250,0,35,09-02-2020
Fujian,Mainland China,261,0,39,10-02-2020
Fujian,Mainland China,267,0,45,11-02-2020
Fujian,Mainland China,272,0,53,12-02-2020
Fujian,Mainland China,279,0,57,13-02-2020
Fujian,Mainland China,281,0,63,14-02-2020
Fujian,Mainland China,285,0,71,15-02-2020
Fujian,Mainland China,287,0,82,16-02-2020
Fujian,Mainland China,290,0,90,17-02-2020
Fujian,Mainland China,292,0,93,18-02-2020
Fujian,Mainland China,293,0,112,19-02-2020
Fujian,Mainland China,293,1,126,20-02-2020
Fujian,Mainland China,293,1,149,21-02-2020
Fujian,Mainland China,293,1,162,22-02-2020
Fujian,Mainland China,293,1,170,23-02-2020
Fujian,Mainland China,293,1,183,24-02-2020
Fujian,Mainland China,294,1,199,25-02-2020
Fujian,Mainland China,294,1,218,26-02-2020
Fujian,Mainland China,296,1,228,27-02-2020
Fujian,Mainland China,296,1,235,28-02-2020
Fujian,Mainland China,296,1,243,29-02-2020
Fujian,Mainland China,296,1,247,01-03-2020
Fujian,Mainland China,296,1,255,02-03-2020
Fujian,Mainland China,296,1,260,03-03-2020
Fujian,Mainland China,296,1,270,04-03-2020
Fujian,Mainland China,296,1,277,05-03-2020
Fujian,Mainland China,296,1,284,06-03-2020
Fujian,Mainland China,296,1,295,07-03-2020
Fujian,Mainland China,296,1,295,08-03-2020
Fujian,Mainland China,296,1,295,09-03-2020
Fujian,Mainland China,296,1,295,10-03-2020
Fujian,Mainland China,296,1,295,11-03-2020
Fujian,Mainland China,296,1,295,12-03-2020
Fujian,Mainland China,296,1,295,13-03-2020
Fujian,Mainland China,296,1,295,14-03-2020
Fujian,Mainland China,296,1,295,15-03-2020
Gansu,Mainland China,0,0,0,22-01-2020
Gansu,Mainland China,2,0,0,23-01-2020
Gansu,Mainland China,2,0,0,24-01-2020
Gansu,Mainland China,4,0,0,25-01-2020
Gansu,Mainland China,7,0,0,26-01-2020
Gansu,Mainland China,14,0,0,27-01-2020
Gansu,Mainland China,19,0,0,28-01-2020
Gansu,Mainland China,24,0,0,29-01-2020
Gansu,Mainland China,26,0,0,30-01-2020
Gansu,Mainland China,29,0,0,31-01-2020
Gansu,Mainland China,40,0,0,01-02-2020
Gansu,Mainland China,51,0,3,02-02-2020
Gansu,Mainland China,55,0,3,03-02-2020
Gansu,Mainland China,57,0,4,04-02-2020
Gansu,Mainland China,62,0,6,05-02-2020
Gansu,Mainland China,62,0,6,06-02-2020
Gansu,Mainland China,67,0,9,07-02-2020
Gansu,Mainland China,79,1,12,08-02-2020
Gansu,Mainland China,83,2,16,09-02-2020
Gansu,Mainland China,83,2,17,10-02-2020
Gansu,Mainland China,86,2,24,11-02-2020
Gansu,Mainland China,87,2,31,12-02-2020
Gansu,Mainland China,90,2,39,13-02-2020
Gansu,Mainland China,90,2,39,14-02-2020
Gansu,Mainland China,90,2,49,15-02-2020
Gansu,Mainland China,90,2,54,16-02-2020
Gansu,Mainland China,91,2,58,17-02-2020
Gansu,Mainland China,91,2,62,18-02-2020
Gansu,Mainland China,91,2,65,19-02-2020
Gansu,Mainland China,91,2,71,20-02-2020
Gansu,Mainland China,91,2,76,21-02-2020
Gansu,Mainland China,91,2,76,22-02-2020
Gansu,Mainland China,91,2,78,23-02-2020
Gansu,Mainland China,91,2,80,24-02-2020
Gansu,Mainland China,91,2,80,25-02-2020
Gansu,Mainland China,91,2,81,26-02-2020
Gansu,Mainland China,91,2,81,27-02-2020
Gansu,Mainland China,91,2,82,28-02-2020
Gansu,Mainland China,91,2,82,29-02-2020
Gansu,Mainland China,91,2,84,01-03-2020
Gansu,Mainland China,91,2,85,02-03-2020
Gansu,Mainland China,91,2,86,03-03-2020
Gansu,Mainland China,91,2,87,04-03-2020
Gansu,Mainland China,102,2,87,05-03-2020
Gansu,Mainland China,119,2,87,06-03-2020
Gansu,Mainland China,120,2,87,07-03-2020
Gansu,Mainland China,124,2,87,08-03-2020
Gansu,Mainland China,124,2,88,09-03-2020
Gansu,Mainland China,125,2,88,10-03-2020
Gansu,Mainland China,127,2,88,11-03-2020
Gansu,Mainland China,127,2,88,12-03-2020
Gansu,Mainland China,127,2,88,13-03-2020
Gansu,Mainland China,129,2,89,14-03-2020
Gansu,Mainland China,133,2,91,15-03-2020
Guangdong,Mainland China,26,0,0,22-01-2020
Guangdong,Mainland China,32,0,2,23-01-2020
Guangdong,Mainland China,53,0,2,24-01-2020
Guangdong,Mainland China,78,0,2,25-01-2020
Guangdong,Mainland China,111,0,2,26-01-2020
Guangdong,Mainland China,151,0,4,27-01-2020
Guangdong,Mainland China,207,0,4,28-01-2020
Guangdong,Mainland China,277,0,5,29-01-2020
Guangdong,Mainland China,354,0,10,30-01-2020
Guangdong,Mainland China,436,0,11,31-01-2020
Guangdong,Mainland China,535,0,14,01-02-2020
Guangdong,Mainland China,632,0,15,02-02-2020
Guangdong,Mainland China,725,0,21,03-02-2020
Guangdong,Mainland China,813,0,30,04-02-2020
Guangdong,Mainland China,895,0,49,05-02-2020
Guangdong,Mainland China,970,0,69,06-02-2020
Guangdong,Mainland China,1034,1,88,07-02-2020
Guangdong,Mainland China,1095,1,112,08-02-2020
Guangdong,Mainland China,1131,1,141,09-02-2020
Guangdong,Mainland China,1159,1,167,10-02-2020
Guangdong,Mainland China,1177,1,212,11-02-2020
Guangdong,Mainland China,1219,1,275,12-02-2020
Guangdong,Mainland China,1241,2,314,13-02-2020
Guangdong,Mainland China,1261,2,362,14-02-2020
Guangdong,Mainland China,1294,2,410,15-02-2020
Guangdong,Mainland China,1316,2,465,16-02-2020
Guangdong,Mainland China,1322,4,524,17-02-2020
Guangdong,Mainland China,1328,4,565,18-02-2020
Guangdong,Mainland China,1331,5,606,19-02-2020
Guangdong,Mainland China,1332,5,642,20-02-2020
Guangdong,Mainland China,1333,5,690,21-02-2020
Guangdong,Mainland China,1339,5,728,22-02-2020
Guangdong,Mainland China,1342,6,755,23-02-2020
Guangdong,Mainland China,1345,6,786,24-02-2020
Guangdong,Mainland China,1347,7,822,25-02-2020
Guangdong,Mainland China,1347,7,851,26-02-2020
Guangdong,Mainland China,1347,7,890,27-02-2020
Guangdong,Mainland China,1348,7,935,28-02-2020
Guangdong,Mainland China,1349,7,983,29-02-2020
Guangdong,Mainland China,1349,7,1016,01-03-2020
Guangdong,Mainland China,1350,7,1059,02-03-2020
Guangdong,Mainland China,1350,7,1101,03-03-2020
Guangdong,Mainland China,1350,7,1133,04-03-2020
Guangdong,Mainland China,1351,7,1181,05-03-2020
Guangdong,Mainland China,1352,7,1216,06-03-2020
Guangdong,Mainland China,1352,7,1237,07-03-2020
Guangdong,Mainland China,1352,7,1256,08-03-2020
Guangdong,Mainland China,1352,8,1260,09-03-2020
Guangdong,Mainland China,1353,8,1274,10-03-2020
Guangdong,Mainland China,1356,8,1282,11-03-2020
Guangdong,Mainland China,1356,8,1289,12-03-2020
Guangdong,Mainland China,1356,8,1296,13-03-2020
Guangdong,Mainland China,1356,8,1299,14-03-2020
Guangdong,Mainland China,1360,8,1304,15-03-2020
Guangxi,Mainland China,2,0,0,22-01-2020
Guangxi,Mainland China,5,0,0,23-01-2020
Guangxi,Mainland China,23,0,0,24-01-2020
Guangxi,Mainland China,23,0,0,25-01-2020
Guangxi,Mainland China,36,0,0,26-01-2020
Guangxi,Mainland China,46,0,0,27-01-2020
Guangxi,Mainland China,51,0,2,28-01-2020
Guangxi,Mainland China,58,0,2,29-01-2020
Guangxi,Mainland China,78,0,2,30-01-2020
Guangxi,Mainland China,87,0,2,31-01-2020
Guangxi,Mainland China,100,0,2,01-02-2020
Guangxi,Mainland China,111,0,2,02-02-2020
Guangxi,Mainland China,127,0,7,03-02-2020
Guangxi,Mainland China,139,0,10,04-02-2020
Guangxi,Mainland China,150,0,13,05-02-2020
Guangxi,Mainland China,168,0,14,06-02-2020
Guangxi,Mainland China,172,0,17,07-02-2020
Guangxi,Mainland China,183,0,17,08-02-2020
Guangxi,Mainland China,195,1,18,09-02-2020
Guangxi,Mainland China,210,1,24,10-02-2020
Guangxi,Mainland China,215,1,33,11-02-2020
Guangxi,Mainland China,222,1,32,12-02-2020
Guangxi,Mainland China,222,2,33,13-02-2020
Guangxi,Mainland China,226,2,36,14-02-2020
Guangxi,Mainland China,235,2,44,15-02-2020
Guangxi,Mainland China,237,2,49,16-02-2020
Guangxi,Mainland China,238,2,53,17-02-2020
Guangxi,Mainland China,242,2,69,18-02-2020
Guangxi,Mainland China,244,2,86,19-02-2020
Guangxi,Mainland China,245,2,90,20-02-2020
Guangxi,Mainland China,246,2,97,21-02-2020
Guangxi,Mainland China,249,2,104,22-02-2020
Guangxi,Mainland China,249,2,106,23-02-2020
Guangxi,Mainland China,251,2,112,24-02-2020
Guangxi,Mainland China,252,2,134,25-02-2020
Guangxi,Mainland China,252,2,147,26-02-2020
Guangxi,Mainland China,252,2,161,27-02-2020
Guangxi,Mainland China,252,2,168,28-02-2020
Guangxi,Mainland China,252,2,176,29-02-2020
Guangxi,Mainland China,252,2,181,01-03-2020
Guangxi,Mainland China,252,2,192,02-03-2020
Guangxi,Mainland China,252,2,202,03-03-2020
Guangxi,Mainland China,252,2,210,04-03-2020
Guangxi,Mainland China,252,2,214,05-03-2020
Guangxi,Mainland China,252,2,217,06-03-2020
Guangxi,Mainland China,252,2,218,07-03-2020
Guangxi,Mainland China,252,2,223,08-03-2020
Guangxi,Mainland China,252,2,230,09-03-2020
Guangxi,Mainland China,252,2,234,10-03-2020
Guangxi,Mainland China,252,2,238,11-03-2020
Guangxi,Mainland China,252,2,241,12-03-2020
Guangxi,Mainland China,252,2,243,13-03-2020
Guangxi,Mainland China,252,2,243,14-03-2020
Guangxi,Mainland China,252,2,243,15-03-2020
Guizhou,Mainland China,1,0,0,22-01-2020
Guizhou,Mainland China,3,0,0,23-01-2020
Guizhou,Mainland China,3,0,0,24-01-2020
Guizhou,Mainland China,4,0,0,25-01-2020
Guizhou,Mainland China,5,0,0,26-01-2020
Guizhou,Mainland China,7,0,0,27-01-2020
Guizhou,Mainland China,9,0,0,28-01-2020
Guizhou,Mainland China,9,0,1,29-01-2020
Guizhou,Mainland China,12,0,1,30-01-2020
Guizhou,Mainland China,29,0,2,31-01-2020
Guizhou,Mainland China,29,0,2,01-02-2020
Guizhou,Mainland China,38,0,2,02-02-2020
Guizhou,Mainland China,46,0,2,03-02-2020
Guizhou,Mainland China,58,0,2,04-02-2020
Guizhou,Mainland China,64,1,9,05-02-2020
Guizhou,Mainland China,71,1,6,06-02-2020
Guizhou,Mainland China,81,1,6,07-02-2020
Guizhou,Mainland China,89,1,7,08-02-2020
Guizhou,Mainland China,99,1,7,09-02-2020
Guizhou,Mainland China,109,1,10,10-02-2020
Guizhou,Mainland China,127,1,17,11-02-2020
Guizhou,Mainland China,133,1,18,12-02-2020
Guizhou,Mainland China,135,1,27,13-02-2020
Guizhou,Mainland China,140,1,28,14-02-2020
Guizhou,Mainland China,143,1,41,15-02-2020
Guizhou,Mainland China,144,1,46,16-02-2020
Guizhou,Mainland China,146,1,57,17-02-2020
Guizhou,Mainland China,146,2,66,18-02-2020
Guizhou,Mainland China,146,2,70,19-02-2020
Guizhou,Mainland China,146,2,72,20-02-2020
Guizhou,Mainland China,146,2,77,21-02-2020
Guizhou,Mainland China,146,2,90,22-02-2020
Guizhou,Mainland China,146,2,102,23-02-2020
Guizhou,Mainland China,146,2,102,24-02-2020
Guizhou,Mainland China,146,2,104,25-02-2020
Guizhou,Mainland China,146,2,104,26-02-2020
Guizhou,Mainland China,146,2,112,27-02-2020
Guizhou,Mainland China,146,2,112,28-02-2020
Guizhou,Mainland China,146,2,112,29-02-2020
Guizhou,Mainland China,146,2,112,01-03-2020
Guizhou,Mainland China,146,2,114,02-03-2020
Guizhou,Mainland China,146,2,114,03-03-2020
Guizhou,Mainland China,146,2,114,04-03-2020
Guizhou,Mainland China,146,2,114,05-03-2020
Guizhou,Mainland China,146,2,114,06-03-2020
Guizhou,Mainland China,146,2,115,07-03-2020
Guizhou,Mainland China,146,2,117,08-03-2020
Guizhou,Mainland China,146,2,123,09-03-2020
Guizhou,Mainland China,146,2,129,10-03-2020
Guizhou,Mainland China,146,2,133,11-03-2020
Guizhou,Mainland China,146,2,137,12-03-2020
Guizhou,Mainland China,146,2,140,13-03-2020
Guizhou,Mainland China,146,2,143,14-03-2020
Guizhou,Mainland China,146,2,143,15-03-2020
Hainan,Mainland China,4,0,0,22-01-2020
Hainan,Mainland China,5,0,0,23-01-2020
Hainan,Mainland China,8,0,0,24-01-2020
Hainan,Mainland China,19,0,0,25-01-2020
Hainan,Mainland China,22,0,0,26-01-2020
Hainan,Mainland China,33,1,0,27-01-2020
Hainan,Mainland China,40,1,0,28-01-2020
Hainan,Mainland China,43,1,0,29-01-2020
Hainan,Mainland China,46,1,1,30-01-2020
Hainan,Mainland China,52,1,1,31-01-2020
Hainan,Mainland China,62,1,1,01-02-2020
Hainan,Mainland China,64,1,4,02-02-2020
Hainan,Mainland China,72,1,4,03-02-2020
Hainan,Mainland China,80,1,5,04-02-2020
Hainan,Mainland China,99,1,5,05-02-2020
Hainan,Mainland China,106,1,8,06-02-2020
Hainan,Mainland China,117,2,10,07-02-2020
Hainan,Mainland China,124,2,14,08-02-2020
Hainan,Mainland China,131,3,19,09-02-2020
Hainan,Mainland China,138,3,19,10-02-2020
Hainan,Mainland China,144,3,20,11-02-2020
Hainan,Mainland China,157,4,27,12-02-2020
Hainan,Mainland China,157,4,30,13-02-2020
Hainan,Mainland China,159,4,43,14-02-2020
Hainan,Mainland China,162,4,39,15-02-2020
Hainan,Mainland China,162,4,52,16-02-2020
Hainan,Mainland China,163,4,59,17-02-2020
Hainan,Mainland China,163,4,79,18-02-2020
Hainan,Mainland China,168,4,84,19-02-2020
Hainan,Mainland China,168,4,86,20-02-2020
Hainan,Mainland China,168,4,95,21-02-2020
Hainan,Mainland China,168,4,104,22-02-2020
Hainan,Mainland China,168,5,106,23-02-2020
Hainan,Mainland China,168,5,116,24-02-2020
Hainan,Mainland China,168,5,124,25-02-2020
Hainan,Mainland China,168,5,129,26-02-2020
Hainan,Mainland China,168,5,131,27-02-2020
Hainan,Mainland China,168,5,133,28-02-2020
Hainan,Mainland China,168,5,148,29-02-2020
Hainan,Mainland China,168,5,149,01-03-2020
Hainan,Mainland China,168,5,151,02-03-2020
Hainan,Mainland China,168,5,155,03-03-2020
Hainan,Mainland China,168,5,158,04-03-2020
Hainan,Mainland China,168,6,158,05-03-2020
Hainan,Mainland China,168,6,158,06-03-2020
Hainan,Mainland China,168,6,158,07-03-2020
Hainan,Mainland China,168,6,159,08-03-2020
Hainan,Mainland China,168,6,159,09-03-2020
Hainan,Mainland China,168,6,159,10-03-2020
Hainan,Mainland China,168,6,159,11-03-2020
Hainan,Mainland China,168,6,160,12-03-2020
Hainan,Mainland China,168,6,160,13-03-2020
Hainan,Mainland China,168,6,160,14-03-2020
Hainan,Mainland China,168,6,160,15-03-2020
Hebei,Mainland China,1,0,0,22-01-2020
Hebei,Mainland China,1,1,0,23-01-2020
Hebei,Mainland China,2,1,0,24-01-2020
Hebei,Mainland China,8,1,0,25-01-2020
Hebei,Mainland China,13,1,0,26-01-2020
Hebei,Mainland China,18,1,0,27-01-2020
Hebei,Mainland China,33,1,0,28-01-2020
Hebei,Mainland China,48,1,0,29-01-2020
Hebei,Mainland China,65,1,0,30-01-2020
Hebei,Mainland China,82,1,0,31-01-2020
Hebei,Mainland China,96,1,0,01-02-2020
Hebei,Mainland China,104,1,3,02-02-2020
Hebei,Mainland China,113,1,3,03-02-2020
Hebei,Mainland China,126,1,4,04-02-2020
Hebei,Mainland China,135,1,6,05-02-2020
Hebei,Mainland China,157,1,13,06-02-2020
Hebei,Mainland China,172,1,22,07-02-2020
Hebei,Mainland China,195,1,30,08-02-2020
Hebei,Mainland China,206,2,34,09-02-2020
Hebei,Mainland China,218,2,41,10-02-2020
Hebei,Mainland China,239,2,48,11-02-2020
Hebei,Mainland China,251,2,54,12-02-2020
Hebei,Mainland China,265,3,68,13-02-2020
Hebei,Mainland China,283,3,87,14-02-2020
Hebei,Mainland China,291,3,101,15-02-2020
Hebei,Mainland China,300,3,105,16-02-2020
Hebei,Mainland China,301,3,122,17-02-2020
Hebei,Mainland China,306,4,136,18-02-2020
Hebei,Mainland China,306,4,152,19-02-2020
Hebei,Mainland China,307,5,169,20-02-2020
Hebei,Mainland China,308,5,184,21-02-2020
Hebei,Mainland China,309,6,203,22-02-2020
Hebei,Mainland China,311,6,219,23-02-2020
Hebei,Mainland China,311,6,234,24-02-2020
Hebei,Mainland China,311,6,248,25-02-2020
Hebei,Mainland China,312,6,261,26-02-2020
Hebei,Mainland China,317,6,274,27-02-2020
Hebei,Mainland China,318,6,277,28-02-2020
Hebei,Mainland China,318,6,282,29-02-2020
Hebei,Mainland China,318,6,294,01-03-2020
Hebei,Mainland China,318,6,296,02-03-2020
Hebei,Mainland China,318,6,300,03-03-2020
Hebei,Mainland China,318,6,301,04-03-2020
Hebei,Mainland China,318,6,304,05-03-2020
Hebei,Mainland China,318,6,305,06-03-2020
Hebei,Mainland China,318,6,307,07-03-2020
Hebei,Mainland China,318,6,307,08-03-2020
Hebei,Mainland China,318,6,307,09-03-2020
Hebei,Mainland China,318,6,307,10-03-2020
Hebei,Mainland China,318,6,307,11-03-2020
Hebei,Mainland China,318,6,308,12-03-2020
Hebei,Mainland China,318,6,310,13-03-2020
Hebei,Mainland China,318,6,310,14-03-2020
Hebei,Mainland China,318,6,310,15-03-2020
Heilongjiang,Mainland China,0,0,0,22-01-2020
Heilongjiang,Mainland China,2,0,0,23-01-2020
Heilongjiang,Mainland China,4,1,0,24-01-2020
Heilongjiang,Mainland China,9,1,0,25-01-2020
Heilongjiang,Mainland China,15,1,0,26-01-2020
Heilongjiang,Mainland China,21,1,0,27-01-2020
Heilongjiang,Mainland China,33,1,0,28-01-2020
Heilongjiang,Mainland China,38,1,0,29-01-2020
Heilongjiang,Mainland China,44,2,0,30-01-2020
Heilongjiang,Mainland China,59,2,0,31-01-2020
Heilongjiang,Mainland China,80,2,2,01-02-2020
Heilongjiang,Mainland China,95,2,2,02-02-2020
Heilongjiang,Mainland China,121,2,2,03-02-2020
Heilongjiang,Mainland China,155,2,4,04-02-2020
Heilongjiang,Mainland China,190,2,7,05-02-2020
Heilongjiang,Mainland China,227,3,8,06-02-2020
Heilongjiang,Mainland China,277,3,12,07-02-2020
Heilongjiang,Mainland China,295,5,13,08-02-2020
Heilongjiang,Mainland China,307,6,14,09-02-2020
Heilongjiang,Mainland China,331,7,30,10-02-2020
Heilongjiang,Mainland China,360,8,28,11-02-2020
Heilongjiang,Mainland China,378,8,31,12-02-2020
Heilongjiang,Mainland China,395,9,33,13-02-2020
Heilongjiang,Mainland China,419,11,47,14-02-2020
Heilongjiang,Mainland China,425,11,68,15-02-2020
Heilongjiang,Mainland China,445,11,79,16-02-2020
Heilongjiang,Mainland China,457,11,85,17-02-2020
Heilongjiang,Mainland China,464,11,111,18-02-2020
Heilongjiang,Mainland China,470,12,120,19-02-2020
Heilongjiang,Mainland China,476,12,136,20-02-2020
Heilongjiang,Mainland China,479,12,175,21-02-2020
Heilongjiang,Mainland China,479,12,204,22-02-2020
Heilongjiang,Mainland China,480,12,222,23-02-2020
Heilongjiang,Mainland China,480,12,227,24-02-2020
Heilongjiang,Mainland China,480,12,243,25-02-2020
Heilongjiang,Mainland China,480,12,249,26-02-2020
Heilongjiang,Mainland China,480,13,270,27-02-2020
Heilongjiang,Mainland China,480,13,283,28-02-2020
Heilongjiang,Mainland China,480,13,301,29-02-2020
Heilongjiang,Mainland China,480,13,342,01-03-2020
Heilongjiang,Mainland China,480,13,356,02-03-2020
Heilongjiang,Mainland China,480,13,366,03-03-2020
Heilongjiang,Mainland China,480,13,373,04-03-2020
Heilongjiang,Mainland China,481,13,379,05-03-2020
Heilongjiang,Mainland China,481,13,396,06-03-2020
Heilongjiang,Mainland China,481,13,403,07-03-2020
Heilongjiang,Mainland China,481,13,412,08-03-2020
Heilongjiang,Mainland China,481,13,430,09-03-2020
Heilongjiang,Mainland China,481,13,434,10-03-2020
Heilongjiang,Mainland China,482,13,436,11-03-2020
Heilongjiang,Mainland China,482,13,441,12-03-2020
Heilongjiang,Mainland China,482,13,446,13-03-2020
Heilongjiang,Mainland China,482,13,447,14-03-2020
Heilongjiang,Mainland China,482,13,453,15-03-2020
Henan,Mainland China,5,0,0,22-01-2020
Henan,Mainland China,5,0,0,23-01-2020
Henan,Mainland China,9,0,0,24-01-2020
Henan,Mainland China,32,0,0,25-01-2020
Henan,Mainland China,83,1,0,26-01-2020
Henan,Mainland China,128,1,0,27-01-2020
Henan,Mainland China,168,1,0,28-01-2020
Henan,Mainland China,206,2,1,29-01-2020
Henan,Mainland China,278,2,2,30-01-2020
Henan,Mainland China,352,2,3,31-01-2020
Henan,Mainland China,422,2,3,01-02-2020
Henan,Mainland China,493,2,10,02-02-2020
Henan,Mainland China,566,2,16,03-02-2020
Henan,Mainland China,675,2,27,04-02-2020
Henan,Mainland China,764,2,47,05-02-2020
Henan,Mainland China,851,2,56,06-02-2020
Henan,Mainland China,914,3,86,07-02-2020
Henan,Mainland China,981,4,116,08-02-2020
Henan,Mainland China,1033,6,153,09-02-2020
Henan,Mainland China,1073,6,191,10-02-2020
Henan,Mainland China,1105,7,218,11-02-2020
Henan,Mainland China,1135,8,246,12-02-2020
Henan,Mainland China,1169,10,296,13-02-2020
Henan,Mainland China,1184,11,357,14-02-2020
Henan,Mainland China,1212,13,391,15-02-2020
Henan,Mainland China,1231,13,440,16-02-2020
Henan,Mainland China,1246,16,509,17-02-2020
Henan,Mainland China,1257,19,522,18-02-2020
Henan,Mainland China,1262,19,573,19-02-2020
Henan,Mainland China,1265,19,637,20-02-2020
Henan,Mainland China,1267,19,736,21-02-2020
Henan,Mainland China,1270,19,830,22-02-2020
Henan,Mainland China,1271,19,868,23-02-2020
Henan,Mainland China,1271,19,943,24-02-2020
Henan,Mainland China,1271,19,1002,25-02-2020
Henan,Mainland China,1271,19,1033,26-02-2020
Henan,Mainland China,1272,20,1068,27-02-2020
Henan,Mainland China,1272,20,1112,28-02-2020
Henan,Mainland China,1272,21,1170,29-02-2020
Henan,Mainland China,1272,22,1198,01-03-2020
Henan,Mainland China,1272,22,1205,02-03-2020
Henan,Mainland China,1272,22,1231,03-03-2020
Henan,Mainland China,1272,22,1234,04-03-2020
Henan,Mainland China,1272,22,1239,05-03-2020
Henan,Mainland China,1272,22,1244,06-03-2020
Henan,Mainland China,1272,22,1244,07-03-2020
Henan,Mainland China,1272,22,1247,08-03-2020
Henan,Mainland China,1272,22,1247,09-03-2020
Henan,Mainland China,1272,22,1247,10-03-2020
Henan,Mainland China,1273,22,1249,11-03-2020
Henan,Mainland China,1273,22,1249,12-03-2020
Henan,Mainland China,1273,22,1249,13-03-2020
Henan,Mainland China,1273,22,1250,14-03-2020
Henan,Mainland China,1273,22,1250,15-03-2020
Hubei,Mainland China,444,17,28,22-01-2020
Hubei,Mainland China,444,17,28,23-01-2020
Hubei,Mainland China,549,24,31,24-01-2020
Hubei,Mainland China,761,40,32,25-01-2020
Hubei,Mainland China,1058,52,42,26-01-2020
Hubei,Mainland China,1423,76,45,27-01-2020
Hubei,Mainland China,3554,125,80,28-01-2020
Hubei,Mainland China,3554,125,88,29-01-2020
Hubei,Mainland China,4903,162,90,30-01-2020
Hubei,Mainland China,5806,204,141,31-01-2020
Hubei,Mainland China,7153,249,168,01-02-2020
Hubei,Mainland China,11177,350,295,02-02-2020
Hubei,Mainland China,13522,414,386,03-02-2020
Hubei,Mainland China,16678,479,522,04-02-2020
Hubei,Mainland China,19665,549,633,05-02-2020
Hubei,Mainland China,22112,618,817,06-02-2020
Hubei,Mainland China,24953,699,1115,07-02-2020
Hubei,Mainland China,27100,780,1439,08-02-2020
Hubei,Mainland China,29631,871,1795,09-02-2020
Hubei,Mainland China,31728,974,2222,10-02-2020
Hubei,Mainland China,33366,1068,2639,11-02-2020
Hubei,Mainland China,33366,1068,2686,12-02-2020
Hubei,Mainland China,48206,1310,3459,13-02-2020
Hubei,Mainland China,54406,1457,4774,14-02-2020
Hubei,Mainland China,56249,1596,5623,15-02-2020
Hubei,Mainland China,58182,1696,6639,16-02-2020
Hubei,Mainland China,59989,1789,7862,17-02-2020
Hubei,Mainland China,61682,1921,9128,18-02-2020
Hubei,Mainland China,62031,2029,10337,19-02-2020
Hubei,Mainland China,62442,2144,11788,20-02-2020
Hubei,Mainland China,62662,2144,11881,21-02-2020
Hubei,Mainland China,64084,2346,15299,22-02-2020
Hubei,Mainland China,64084,2346,15343,23-02-2020
Hubei,Mainland China,64287,2495,16748,24-02-2020
Hubei,Mainland China,64786,2563,18971,25-02-2020
Hubei,Mainland China,65187,2615,20969,26-02-2020
Hubei,Mainland China,65596,2641,23383,27-02-2020
Hubei,Mainland China,65914,2682,26403,28-02-2020
Hubei,Mainland China,66337,2727,28993,29-02-2020
Hubei,Mainland China,66907,2761,31536,01-03-2020
Hubei,Mainland China,67103,2803,33934,02-03-2020
Hubei,Mainland China,67217,2835,36208,03-03-2020
Hubei,Mainland China,67332,2871,38557,04-03-2020
Hubei,Mainland China,67466,2902,40592,05-03-2020
Hubei,Mainland China,67592,2931,42033,06-03-2020
Hubei,Mainland China,67666,2959,43500,07-03-2020
Hubei,Mainland China,67707,2986,45235,08-03-2020
Hubei,Mainland China,67743,3008,46488,09-03-2020
Hubei,Mainland China,67760,3024,47743,10-03-2020
Hubei,Mainland China,67773,3046,49134,11-03-2020
Hubei,Mainland China,67781,3056,50318,12-03-2020
Hubei,Mainland China,67786,3062,51553,13-03-2020
Hubei,Mainland China,67790,3075,52960,14-03-2020
Hubei,Mainland China,67794,3085,54288,15-03-2020
Hunan,Mainland China,4,0,0,22-01-2020
Hunan,Mainland China,9,0,0,23-01-2020
Hunan,Mainland China,24,0,0,24-01-2020
Hunan,Mainland China,43,0,0,25-01-2020
Hunan,Mainland China,69,0,0,26-01-2020
Hunan,Mainland China,100,0,0,27-01-2020
Hunan,Mainland China,143,0,0,28-01-2020
Hunan,Mainland China,221,0,0,29-01-2020
Hunan,Mainland China,277,0,2,30-01-2020
Hunan,Mainland China,332,0,2,31-01-2020
Hunan,Mainland China,389,0,8,01-02-2020
Hunan,Mainland China,463,0,16,02-02-2020
Hunan,Mainland China,521,0,22,03-02-2020
Hunan,Mainland China,593,0,31,04-02-2020
Hunan,Mainland China,661,0,54,05-02-2020
Hunan,Mainland China,711,0,81,06-02-2020
Hunan,Mainland China,772,0,112,07-02-2020
Hunan,Mainland China,803,1,156,08-02-2020
Hunan,Mainland China,838,1,186,09-02-2020
Hunan,Mainland China,879,1,208,10-02-2020
Hunan,Mainland China,912,1,247,11-02-2020
Hunan,Mainland China,946,2,304,12-02-2020
Hunan,Mainland China,968,2,339,13-02-2020
Hunan,Mainland China,988,2,364,14-02-2020
Hunan,Mainland China,1001,2,425,15-02-2020
Hunan,Mainland China,1004,3,464,16-02-2020
Hunan,Mainland China,1006,3,498,17-02-2020
Hunan,Mainland China,1007,4,527,18-02-2020
Hunan,Mainland China,1008,4,561,19-02-2020
Hunan,Mainland China,1010,4,634,20-02-2020
Hunan,Mainland China,1011,4,661,21-02-2020
Hunan,Mainland China,1013,4,692,22-02-2020
Hunan,Mainland China,1016,4,714,23-02-2020
Hunan,Mainland China,1016,4,731,24-02-2020
Hunan,Mainland China,1016,4,768,25-02-2020
Hunan,Mainland China,1016,4,783,26-02-2020
Hunan,Mainland China,1017,4,804,27-02-2020
Hunan,Mainland China,1017,4,830,28-02-2020
Hunan,Mainland China,1018,4,846,29-02-2020
Hunan,Mainland China,1018,4,866,01-03-2020
Hunan,Mainland China,1018,4,887,02-03-2020
Hunan,Mainland China,1018,4,906,03-03-2020
Hunan,Mainland China,1018,4,916,04-03-2020
Hunan,Mainland China,1018,4,938,05-03-2020
Hunan,Mainland China,1018,4,955,06-03-2020
Hunan,Mainland China,1018,4,960,07-03-2020
Hunan,Mainland China,1018,4,968,08-03-2020
Hunan,Mainland China,1018,4,979,09-03-2020
Hunan,Mainland China,1018,4,990,10-03-2020
Hunan,Mainland China,1018,4,995,11-03-2020
Hunan,Mainland China,1018,4,999,12-03-2020
Hunan,Mainland China,1018,4,1005,13-03-2020
Hunan,Mainland China,1018,4,1014,14-03-2020
Hunan,Mainland China,1018,4,1014,15-03-2020
Inner Mongolia,Mainland China,0,0,0,22-01-2020
Inner Mongolia,Mainland China,0,0,0,23-01-2020
Inner Mongolia,Mainland China,1,0,0,24-01-2020
Inner Mongolia,Mainland China,7,0,0,25-01-2020
Inner Mongolia,Mainland China,7,0,0,26-01-2020
Inner Mongolia,Mainland China,11,0,0,27-01-2020
Inner Mongolia,Mainland China,15,0,0,28-01-2020
Inner Mongolia,Mainland China,16,0,0,29-01-2020
Inner Mongolia,Mainland China,19,0,0,30-01-2020
Inner Mongolia,Mainland China,20,0,1,31-01-2020
Inner Mongolia,Mainland China,23,0,1,01-02-2020
Inner Mongolia,Mainland China,27,0,1,02-02-2020
Inner Mongolia,Mainland China,34,0,1,03-02-2020
Inner Mongolia,Mainland China,35,0,1,04-02-2020
Inner Mongolia,Mainland China,42,0,3,05-02-2020
Inner Mongolia,Mainland China,46,0,4,06-02-2020
Inner Mongolia,Mainland China,50,0,5,07-02-2020
Inner Mongolia,Mainland China,52,0,5,08-02-2020
Inner Mongolia,Mainland China,54,0,5,09-02-2020
Inner Mongolia,Mainland China,58,0,5,10-02-2020
Inner Mongolia,Mainland China,58,0,5,11-02-2020
Inner Mongolia,Mainland China,60,0,6,12-02-2020
Inner Mongolia,Mainland China,61,0,6,13-02-2020
Inner Mongolia,Mainland China,65,0,6,14-02-2020
Inner Mongolia,Mainland China,68,0,7,15-02-2020
Inner Mongolia,Mainland China,70,0,8,16-02-2020
Inner Mongolia,Mainland China,72,0,8,17-02-2020
Inner Mongolia,Mainland China,73,0,8,18-02-2020
Inner Mongolia,Mainland China,75,0,10,19-02-2020
Inner Mongolia,Mainland China,75,0,16,20-02-2020
Inner Mongolia,Mainland China,75,0,17,21-02-2020
Inner Mongolia,Mainland China,75,0,26,22-02-2020
Inner Mongolia,Mainland China,75,0,27,23-02-2020
Inner Mongolia,Mainland China,75,0,34,24-02-2020
Inner Mongolia,Mainland China,75,0,35,25-02-2020
Inner Mongolia,Mainland China,75,0,38,26-02-2020
Inner Mongolia,Mainland China,75,0,43,27-02-2020
Inner Mongolia,Mainland China,75,0,45,28-02-2020
Inner Mongolia,Mainland China,75,0,49,29-02-2020
Inner Mongolia,Mainland China,75,0,52,01-03-2020
Inner Mongolia,Mainland China,75,0,54,02-03-2020
Inner Mongolia,Mainland China,75,1,59,03-03-2020
Inner Mongolia,Mainland China,75,1,63,04-03-2020
Inner Mongolia,Mainland China,75,1,65,05-03-2020
Inner Mongolia,Mainland China,75,1,65,06-03-2020
Inner Mongolia,Mainland China,75,1,67,07-03-2020
Inner Mongolia,Mainland China,75,1,70,08-03-2020
Inner Mongolia,Mainland China,75,1,70,09-03-2020
Inner Mongolia,Mainland China,75,1,70,10-03-2020
Inner Mongolia,Mainland China,75,1,71,11-03-2020
Inner Mongolia,Mainland China,75,1,71,12-03-2020
Inner Mongolia,Mainland China,75,1,71,13-03-2020
Inner Mongolia,Mainland China,75,1,71,14-03-2020
Inner Mongolia,Mainland China,75,1,71,15-03-2020
Jiangsu,Mainland China,1,0,0,22-01-2020
Jiangsu,Mainland China,5,0,0,23-01-2020
Jiangsu,Mainland China,9,0,0,24-01-2020
Jiangsu,Mainland China,18,0,1,25-01-2020
Jiangsu,Mainland China,33,0,1,26-01-2020
Jiangsu,Mainland China,47,0,1,27-01-2020
Jiangsu,Mainland China,70,0,1,28-01-2020
Jiangsu,Mainland China,99,0,1,29-01-2020
Jiangsu,Mainland China,129,0,1,30-01-2020
Jiangsu,Mainland China,168,0,5,31-01-2020
Jiangsu,Mainland China,202,0,6,01-02-2020
Jiangsu,Mainland China,236,0,7,02-02-2020
Jiangsu,Mainland China,271,0,8,03-02-2020
Jiangsu,Mainland China,308,0,12,04-02-2020
Jiangsu,Mainland China,341,0,23,05-02-2020
Jiangsu,Mainland China,373,0,34,06-02-2020
Jiangsu,Mainland China,408,0,43,07-02-2020
Jiangsu,Mainland China,439,0,51,08-02-2020
Jiangsu,Mainland China,468,0,71,09-02-2020
Jiangsu,Mainland China,492,0,81,10-02-2020
Jiangsu,Mainland China,515,0,93,11-02-2020
Jiangsu,Mainland China,543,0,125,12-02-2020
Jiangsu,Mainland China,570,0,139,13-02-2020
Jiangsu,Mainland China,593,0,157,14-02-2020
Jiangsu,Mainland China,604,0,186,15-02-2020
Jiangsu,Mainland China,617,0,218,16-02-2020
Jiangsu,Mainland China,626,0,258,17-02-2020
Jiangsu,Mainland China,629,0,280,18-02-2020
Jiangsu,Mainland China,631,0,318,19-02-2020
Jiangsu,Mainland China,631,0,356,20-02-2020
Jiangsu,Mainland China,631,0,373,21-02-2020
Jiangsu,Mainland China,631,0,401,22-02-2020
Jiangsu,Mainland China,631,0,418,23-02-2020
Jiangsu,Mainland China,631,0,452,24-02-2020
Jiangsu,Mainland China,631,0,458,25-02-2020
Jiangsu,Mainland China,631,0,478,26-02-2020
Jiangsu,Mainland China,631,0,498,27-02-2020
Jiangsu,Mainland China,631,0,515,28-02-2020
Jiangsu,Mainland China,631,0,523,29-02-2020
Jiangsu,Mainland China,631,0,536,01-03-2020
Jiangsu,Mainland China,631,0,543,02-03-2020
Jiangsu,Mainland China,631,0,562,03-03-2020
Jiangsu,Mainland China,631,0,577,04-03-2020
Jiangsu,Mainland China,631,0,583,05-03-2020
Jiangsu,Mainland China,631,0,594,06-03-2020
Jiangsu,Mainland China,631,0,606,07-03-2020
Jiangsu,Mainland China,631,0,612,08-03-2020
Jiangsu,Mainland China,631,0,621,09-03-2020
Jiangsu,Mainland China,631,0,627,10-03-2020
Jiangsu,Mainland China,631,0,627,11-03-2020
Jiangsu,Mainland China,631,0,629,12-03-2020
Jiangsu,Mainland China,631,0,630,13-03-2020
Jiangsu,Mainland China,631,0,630,14-03-2020
Jiangsu,Mainland China,631,0,631,15-03-2020
Jiangxi,Mainland China,2,0,0,22-01-2020
Jiangxi,Mainland China,7,0,0,23-01-2020
Jiangxi,Mainland China,18,0,0,24-01-2020
Jiangxi,Mainland China,18,0,0,25-01-2020
Jiangxi,Mainland China,36,0,0,26-01-2020
Jiangxi,Mainland China,72,0,2,27-01-2020
Jiangxi,Mainland China,109,0,3,28-01-2020
Jiangxi,Mainland China,109,0,3,29-01-2020
Jiangxi,Mainland China,162,0,5,30-01-2020
Jiangxi,Mainland China,240,0,7,31-01-2020
Jiangxi,Mainland China,286,0,9,01-02-2020
Jiangxi,Mainland China,333,0,12,02-02-2020
Jiangxi,Mainland China,391,0,18,03-02-2020
Jiangxi,Mainland China,476,0,20,04-02-2020
Jiangxi,Mainland China,548,0,27,05-02-2020
Jiangxi,Mainland China,600,0,37,06-02-2020
Jiangxi,Mainland China,661,0,45,07-02-2020
Jiangxi,Mainland China,698,0,55,08-02-2020
Jiangxi,Mainland China,740,0,73,09-02-2020
Jiangxi,Mainland China,771,1,105,10-02-2020
Jiangxi,Mainland China,804,1,128,11-02-2020
Jiangxi,Mainland China,844,1,152,12-02-2020
Jiangxi,Mainland China,872,1,170,13-02-2020
Jiangxi,Mainland China,900,1,187,14-02-2020
Jiangxi,Mainland China,913,1,210,15-02-2020
Jiangxi,Mainland China,925,1,240,16-02-2020
Jiangxi,Mainland China,930,1,275,17-02-2020
Jiangxi,Mainland China,933,1,310,18-02-2020
Jiangxi,Mainland China,934,1,362,19-02-2020
Jiangxi,Mainland China,934,1,433,20-02-2020
Jiangxi,Mainland China,934,1,489,21-02-2020
Jiangxi,Mainland China,934,1,555,22-02-2020
Jiangxi,Mainland China,934,1,613,23-02-2020
Jiangxi,Mainland China,934,1,645,24-02-2020
Jiangxi,Mainland China,934,1,683,25-02-2020
Jiangxi,Mainland China,934,1,719,26-02-2020
Jiangxi,Mainland China,934,1,754,27-02-2020
Jiangxi,Mainland China,935,1,790,28-02-2020
Jiangxi,Mainland China,935,1,811,29-02-2020
Jiangxi,Mainland China,935,1,831,01-03-2020
Jiangxi,Mainland China,935,1,850,02-03-2020
Jiangxi,Mainland China,935,1,870,03-03-2020
Jiangxi,Mainland China,935,1,884,04-03-2020
Jiangxi,Mainland China,935,1,901,05-03-2020
Jiangxi,Mainland China,935,1,909,06-03-2020
Jiangxi,Mainland China,935,1,916,07-03-2020
Jiangxi,Mainland China,935,1,919,08-03-2020
Jiangxi,Mainland China,935,1,923,09-03-2020
Jiangxi,Mainland China,935,1,927,10-03-2020
Jiangxi,Mainland China,935,1,932,11-03-2020
Jiangxi,Mainland China,935,1,934,12-03-2020
Jiangxi,Mainland China,935,1,934,13-03-2020
Jiangxi,Mainland China,935,1,934,14-03-2020
Jiangxi,Mainland China,935,1,934,15-03-2020
Jilin,Mainland China,0,0,0,22-01-2020
Jilin,Mainland China,1,0,0,23-01-2020
Jilin,Mainland China,3,0,0,24-01-2020
Jilin,Mainland China,4,0,0,25-01-2020
Jilin,Mainland China,4,0,0,26-01-2020
Jilin,Mainland China,6,0,0,27-01-2020
Jilin,Mainland China,8,0,0,28-01-2020
Jilin,Mainland China,9,0,0,29-01-2020
Jilin,Mainland China,14,0,1,30-01-2020
Jilin,Mainland China,14,0,1,31-01-2020
Jilin,Mainland China,17,0,1,01-02-2020
Jilin,Mainland China,23,0,1,02-02-2020
Jilin,Mainland China,31,0,1,03-02-2020
Jilin,Mainland China,42,0,1,04-02-2020
Jilin,Mainland China,54,0,2,05-02-2020
Jilin,Mainland China,59,0,4,06-02-2020
Jilin,Mainland China,65,1,4,07-02-2020
Jilin,Mainland China,69,1,4,08-02-2020
Jilin,Mainland China,78,1,12,09-02-2020
Jilin,Mainland China,80,1,13,10-02-2020
Jilin,Mainland China,81,1,18,11-02-2020
Jilin,Mainland China,83,1,22,12-02-2020
Jilin,Mainland China,84,1,24,13-02-2020
Jilin,Mainland China,86,1,25,14-02-2020
Jilin,Mainland China,88,1,26,15-02-2020
Jilin,Mainland China,89,1,30,16-02-2020
Jilin,Mainland China,89,1,34,17-02-2020
Jilin,Mainland China,89,1,36,18-02-2020
Jilin,Mainland China,90,1,37,19-02-2020
Jilin,Mainland China,91,1,43,20-02-2020
Jilin,Mainland China,91,1,45,21-02-2020
Jilin,Mainland China,91,1,52,22-02-2020
Jilin,Mainland China,91,1,54,23-02-2020
Jilin,Mainland China,93,1,60,24-02-2020
Jilin,Mainland China,93,1,63,25-02-2020
Jilin,Mainland China,93,1,65,26-02-2020
Jilin,Mainland China,93,1,67,27-02-2020
Jilin,Mainland China,93,1,73,28-02-2020
Jilin,Mainland China,93,1,75,29-02-2020
Jilin,Mainland China,93,1,78,01-03-2020
Jilin,Mainland China,93,1,83,02-03-2020
Jilin,Mainland China,93,1,83,03-03-2020
Jilin,Mainland China,93,1,86,04-03-2020
Jilin,Mainland China,93,1,88,05-03-2020
Jilin,Mainland China,93,1,90,06-03-2020
Jilin,Mainland China,93,1,90,07-03-2020
Jilin,Mainland China,93,1,90,08-03-2020
Jilin,Mainland China,93,1,91,09-03-2020
Jilin,Mainland China,93,1,91,10-03-2020
Jilin,Mainland China,93,1,91,11-03-2020
Jilin,Mainland China,93,1,91,12-03-2020
Jilin,Mainland China,93,1,91,13-03-2020
Jilin,Mainland China,93,1,91,14-03-2020
Jilin,Mainland China,93,1,91,15-03-2020
Liaoning,Mainland China,2,0,0,22-01-2020
Liaoning,Mainland China,3,0,0,23-01-2020
Liaoning,Mainland China,4,0,0,24-01-2020
Liaoning,Mainland China,17,0,0,25-01-2020
Liaoning,Mainland China,21,0,0,26-01-2020
Liaoning,Mainland China,27,0,0,27-01-2020
Liaoning,Mainland China,34,0,0,28-01-2020
Liaoning,Mainland China,39,0,1,29-01-2020
Liaoning,Mainland China,41,0,1,30-01-2020
Liaoning,Mainland China,48,0,1,31-01-2020
Liaoning,Mainland China,64,0,1,01-02-2020
Liaoning,Mainland China,70,0,1,02-02-2020
Liaoning,Mainland China,74,0,1,03-02-2020
Liaoning,Mainland China,81,0,2,04-02-2020
Liaoning,Mainland China,89,0,4,05-02-2020
Liaoning,Mainland China,94,0,5,06-02-2020
Liaoning,Mainland China,99,0,7,07-02-2020
Liaoning,Mainland China,105,0,8,08-02-2020
Liaoning,Mainland China,107,0,12,09-02-2020
Liaoning,Mainland China,108,0,13,10-02-2020
Liaoning,Mainland China,111,0,19,11-02-2020
Liaoning,Mainland China,116,1,20,12-02-2020
Liaoning,Mainland China,117,1,22,13-02-2020
Liaoning,Mainland China,119,1,29,14-02-2020
Liaoning,Mainland China,119,1,31,15-02-2020
Liaoning,Mainland China,121,1,40,16-02-2020
Liaoning,Mainland China,121,1,43,17-02-2020
Liaoning,Mainland China,121,1,53,18-02-2020
Liaoning,Mainland China,121,1,55,19-02-2020
Liaoning,Mainland China,121,1,59,20-02-2020
Liaoning,Mainland China,121,1,61,21-02-2020
Liaoning,Mainland China,121,1,66,22-02-2020
Liaoning,Mainland China,121,1,73,23-02-2020
Liaoning,Mainland China,121,1,80,24-02-2020
Liaoning,Mainland China,121,1,83,25-02-2020
Liaoning,Mainland China,121,1,88,26-02-2020
Liaoning,Mainland China,121,1,93,27-02-2020
Liaoning,Mainland China,121,1,93,28-02-2020
Liaoning,Mainland China,121,1,96,29-02-2020
Liaoning,Mainland China,122,1,103,01-03-2020
Liaoning,Mainland China,122,1,103,02-03-2020
Liaoning,Mainland China,125,1,106,03-03-2020
Liaoning,Mainland China,125,1,106,04-03-2020
Liaoning,Mainland China,125,1,106,05-03-2020
Liaoning,Mainland China,125,1,106,06-03-2020
Liaoning,Mainland China,125,1,107,07-03-2020
Liaoning,Mainland China,125,1,109,08-03-2020
Liaoning,Mainland China,125,1,109,09-03-2020
Liaoning,Mainland China,125,1,111,10-03-2020
Liaoning,Mainland China,125,1,111,11-03-2020
Liaoning,Mainland China,125,1,112,12-03-2020
Liaoning,Mainland China,125,1,112,13-03-2020
Liaoning,Mainland China,125,1,113,14-03-2020
Liaoning,Mainland China,125,1,114,15-03-2020
Ningxia,Mainland China,1,0,0,22-01-2020
Ningxia,Mainland China,1,0,0,23-01-2020
Ningxia,Mainland China,2,0,0,24-01-2020
Ningxia,Mainland China,3,0,0,25-01-2020
Ningxia,Mainland China,4,0,0,26-01-2020
Ningxia,Mainland China,7,0,0,27-01-2020
Ningxia,Mainland China,11,0,0,28-01-2020
Ningxia,Mainland China,12,0,0,29-01-2020
Ningxia,Mainland China,17,0,0,30-01-2020
Ningxia,Mainland China,21,0,0,31-01-2020
Ningxia,Mainland China,26,0,0,01-02-2020
Ningxia,Mainland China,28,0,0,02-02-2020
Ningxia,Mainland China,31,0,1,03-02-2020
Ningxia,Mainland China,34,0,1,04-02-2020
Ningxia,Mainland China,34,0,1,05-02-2020
Ningxia,Mainland China,40,0,1,06-02-2020
Ningxia,Mainland China,43,0,5,07-02-2020
Ningxia,Mainland China,45,0,15,08-02-2020
Ningxia,Mainland China,45,0,13,09-02-2020
Ningxia,Mainland China,49,0,13,10-02-2020
Ningxia,Mainland China,53,0,22,11-02-2020
Ningxia,Mainland China,58,0,24,12-02-2020
Ningxia,Mainland China,64,0,24,13-02-2020
Ningxia,Mainland China,67,0,24,14-02-2020
Ningxia,Mainland China,70,0,33,15-02-2020
Ningxia,Mainland China,70,0,33,16-02-2020
Ningxia,Mainland China,70,0,35,17-02-2020
Ningxia,Mainland China,70,0,42,18-02-2020
Ningxia,Mainland China,71,0,42,19-02-2020
Ningxia,Mainland China,71,0,44,20-02-2020
Ningxia,Mainland China,71,0,48,21-02-2020
Ningxia,Mainland China,71,0,48,22-02-2020
Ningxia,Mainland China,71,0,56,23-02-2020
Ningxia,Mainland China,71,0,58,24-02-2020
Ningxia,Mainland China,71,0,61,25-02-2020
Ningxia,Mainland China,71,0,65,26-02-2020
Ningxia,Mainland China,72,0,68,27-02-2020
Ningxia,Mainland China,72,0,68,28-02-2020
Ningxia,Mainland China,73,0,69,29-02-2020
Ningxia,Mainland China,73,0,69,01-03-2020
Ningxia,Mainland China,74,0,69,02-03-2020
Ningxia,Mainland China,74,0,69,03-03-2020
Ningxia,Mainland China,75,0,69,04-03-2020
Ningxia,Mainland China,75,0,69,05-03-2020
Ningxia,Mainland China,75,0,71,06-03-2020
Ningxia,Mainland China,75,0,71,07-03-2020
Ningxia,Mainland China,75,0,71,08-03-2020
Ningxia,Mainland China,75,0,71,09-03-2020
Ningxia,Mainland China,75,0,71,10-03-2020
Ningxia,Mainland China,75,0,72,11-03-2020
Ningxia,Mainland China,75,0,72,12-03-2020
Ningxia,Mainland China,75,0,72,13-03-2020
Ningxia,Mainland China,75,0,73,14-03-2020
Ningxia,Mainland China,75,0,73,15-03-2020
Qinghai,Mainland China,0,0,0,22-01-2020
Qinghai,Mainland China,0,0,0,23-01-2020
Qinghai,Mainland China,0,0,0,24-01-2020
Qinghai,Mainland China,1,0,0,25-01-2020
Qinghai,Mainland China,1,0,0,26-01-2020
Qinghai,Mainland China,6,0,0,27-01-2020
Qinghai,Mainland China,6,0,0,28-01-2020
Qinghai,Mainland China,6,0,0,29-01-2020
Qinghai,Mainland China,8,0,0,30-01-2020
Qinghai,Mainland China,8,0,0,31-01-2020
Qinghai,Mainland China,9,0,0,01-02-2020
Qinghai,Mainland China,11,0,0,02-02-2020
Qinghai,Mainland China,13,0,0,03-02-2020
Qinghai,Mainland China,15,0,0,04-02-2020
Qinghai,Mainland China,17,0,3,05-02-2020
Qinghai,Mainland China,18,0,3,06-02-2020
Qinghai,Mainland China,18,0,3,07-02-2020
Qinghai,Mainland China,18,0,3,08-02-2020
Qinghai,Mainland China,18,0,3,09-02-2020
Qinghai,Mainland China,18,0,3,10-02-2020
Qinghai,Mainland China,18,0,5,11-02-2020
Qinghai,Mainland China,18,0,9,12-02-2020
Qinghai,Mainland China,18,0,11,13-02-2020
Qinghai,Mainland China,18,0,11,14-02-2020
Qinghai,Mainland China,18,0,13,15-02-2020
Qinghai,Mainland China,18,0,13,16-02-2020
Qinghai,Mainland China,18,0,13,17-02-2020
Qinghai,Mainland China,18,0,15,18-02-2020
Qinghai,Mainland China,18,0,16,19-02-2020
Qinghai,Mainland China,18,0,16,20-02-2020
Qinghai,Mainland China,18,0,18,21-02-2020
Qinghai,Mainland China,18,0,18,22-02-2020
Qinghai,Mainland China,18,0,18,23-02-2020
Qinghai,Mainland China,18,0,18,24-02-2020
Qinghai,Mainland China,18,0,18,25-02-2020
Qinghai,Mainland China,18,0,18,26-02-2020
Qinghai,Mainland China,18,0,18,27-02-2020
Qinghai,Mainland China,18,0,18,28-02-2020
Qinghai,Mainland China,18,0,18,29-02-2020
Qinghai,Mainland China,18,0,18,01-03-2020
Qinghai,Mainland China,18,0,18,02-03-2020
Qinghai,Mainland China,18,0,18,03-03-2020
Qinghai,Mainland China,18,0,18,04-03-2020
Qinghai,Mainland China,18,0,18,05-03-2020
Qinghai,Mainland China,18,0,18,06-03-2020
Qinghai,Mainland China,18,0,18,07-03-2020
Qinghai,Mainland China,18,0,18,08-03-2020
Qinghai,Mainland China,18,0,18,09-03-2020
Qinghai,Mainland China,18,0,18,10-03-2020
Qinghai,Mainland China,18,0,18,11-03-2020
Qinghai,Mainland China,18,0,18,12-03-2020
Qinghai,Mainland China,18,0,18,13-03-2020
Qinghai,Mainland China,18,0,18,14-03-2020
Qinghai,Mainland China,18,0,18,15-03-2020
Shaanxi,Mainland China,0,0,0,22-01-2020
Shaanxi,Mainland China,3,0,0,23-01-2020
Shaanxi,Mainland China,5,0,0,24-01-2020
Shaanxi,Mainland China,15,0,0,25-01-2020
Shaanxi,Mainland China,22,0,0,26-01-2020
Shaanxi,Mainland China,35,0,0,27-01-2020
Shaanxi,Mainland China,46,0,0,28-01-2020
Shaanxi,Mainland China,56,0,0,29-01-2020
Shaanxi,Mainland China,63,0,0,30-01-2020
Shaanxi,Mainland China,87,0,0,31-01-2020
Shaanxi,Mainland China,101,0,0,01-02-2020
Shaanxi,Mainland China,116,0,0,02-02-2020
Shaanxi,Mainland China,128,0,0,03-02-2020
Shaanxi,Mainland China,142,0,2,04-02-2020
Shaanxi,Mainland China,165,0,6,05-02-2020
Shaanxi,Mainland China,173,0,9,06-02-2020
Shaanxi,Mainland China,184,0,17,07-02-2020
Shaanxi,Mainland China,195,0,20,08-02-2020
Shaanxi,Mainland China,208,0,25,09-02-2020
Shaanxi,Mainland China,213,0,30,10-02-2020
Shaanxi,Mainland China,219,0,32,11-02-2020
Shaanxi,Mainland China,225,0,43,12-02-2020
Shaanxi,Mainland China,229,0,46,13-02-2020
Shaanxi,Mainland China,230,0,54,14-02-2020
Shaanxi,Mainland China,232,0,60,15-02-2020
Shaanxi,Mainland China,236,0,71,16-02-2020
Shaanxi,Mainland China,240,0,79,17-02-2020
Shaanxi,Mainland China,240,0,89,18-02-2020
Shaanxi,Mainland China,242,0,102,19-02-2020
Shaanxi,Mainland China,245,1,118,20-02-2020
Shaanxi,Mainland China,245,1,134,21-02-2020
Shaanxi,Mainland China,245,1,149,22-02-2020
Shaanxi,Mainland China,245,1,163,23-02-2020
Shaanxi,Mainland China,245,1,173,24-02-2020
Shaanxi,Mainland China,245,1,186,25-02-2020
Shaanxi,Mainland China,245,1,192,26-02-2020
Shaanxi,Mainland China,245,1,195,27-02-2020
Shaanxi,Mainland China,245,1,199,28-02-2020
Shaanxi,Mainland China,245,1,207,29-02-2020
Shaanxi,Mainland China,245,1,208,01-03-2020
Shaanxi,Mainland China,245,1,216,02-03-2020
Shaanxi,Mainland China,245,1,216,03-03-2020
Shaanxi,Mainland China,245,1,223,04-03-2020
Shaanxi,Mainland China,245,1,224,05-03-2020
Shaanxi,Mainland China,245,1,226,06-03-2020
Shaanxi,Mainland China,245,1,226,07-03-2020
Shaanxi,Mainland China,245,1,227,08-03-2020
Shaanxi,Mainland China,245,1,227,09-03-2020
Shaanxi,Mainland China,245,1,227,10-03-2020
Shaanxi,Mainland China,245,1,232,11-03-2020
Shaanxi,Mainland China,245,2,232,12-03-2020
Shaanxi,Mainland China,245,2,232,13-03-2020
Shaanxi,Mainland China,245,2,232,14-03-2020
Shaanxi,Mainland China,245,2,232,15-03-2020
Shandong,Mainland China,2,0,0,22-01-2020
Shandong,Mainland China,6,0,0,23-01-2020
Shandong,Mainland China,15,0,0,24-01-2020
Shandong,Mainland China,27,0,0,25-01-2020
Shandong,Mainland China,46,0,0,26-01-2020
Shandong,Mainland China,75,0,0,27-01-2020
Shandong,Mainland China,95,0,0,28-01-2020
Shandong,Mainland China,130,0,1,29-01-2020
Shandong,Mainland China,158,0,1,30-01-2020
Shandong,Mainland China,184,0,2,31-01-2020
Shandong,Mainland China,206,0,3,01-02-2020
Shandong,Mainland China,230,0,6,02-02-2020
Shandong,Mainland China,259,0,7,03-02-2020
Shandong,Mainland China,275,0,11,04-02-2020
Shandong,Mainland China,307,0,15,05-02-2020
Shandong,Mainland China,347,0,27,06-02-2020
Shandong,Mainland China,386,0,37,07-02-2020
Shandong,Mainland China,416,0,44,08-02-2020
Shandong,Mainland China,444,1,63,09-02-2020
Shandong,Mainland China,466,1,66,10-02-2020
Shandong,Mainland China,487,1,80,11-02-2020
Shandong,Mainland China,497,2,92,12-02-2020
Shandong,Mainland China,509,2,105,13-02-2020
Shandong,Mainland China,523,2,136,14-02-2020
Shandong,Mainland China,532,2,156,15-02-2020
Shandong,Mainland China,537,2,173,16-02-2020
Shandong,Mainland China,541,2,191,17-02-2020
Shandong,Mainland China,543,3,211,18-02-2020
Shandong,Mainland China,544,3,231,19-02-2020
Shandong,Mainland China,546,4,254,20-02-2020
Shandong,Mainland China,749,4,281,21-02-2020
Shandong,Mainland China,750,4,302,22-02-2020
Shandong,Mainland China,754,4,321,23-02-2020
Shandong,Mainland China,755,5,343,24-02-2020
Shandong,Mainland China,756,6,355,25-02-2020
Shandong,Mainland China,756,6,377,26-02-2020
Shandong,Mainland China,756,6,387,27-02-2020
Shandong,Mainland China,756,6,405,28-02-2020
Shandong,Mainland China,756,6,421,29-02-2020
Shandong,Mainland China,758,6,443,01-03-2020
Shandong,Mainland China,758,6,460,02-03-2020
Shandong,Mainland China,758,6,511,03-03-2020
Shandong,Mainland China,758,6,516,04-03-2020
Shandong,Mainland China,758,6,578,05-03-2020
Shandong,Mainland China,758,6,618,06-03-2020
Shandong,Mainland China,758,6,627,07-03-2020
Shandong,Mainland China,758,6,642,08-03-2020
Shandong,Mainland China,758,6,700,09-03-2020
Shandong,Mainland China,758,6,719,10-03-2020
Shandong,Mainland China,760,6,726,11-03-2020
Shandong,Mainland China,760,6,734,12-03-2020
Shandong,Mainland China,760,7,739,13-03-2020
Shandong,Mainland China,760,7,741,14-03-2020
Shandong,Mainland China,760,7,741,15-03-2020
Shanghai,Mainland China,9,0,0,22-01-2020
Shanghai,Mainland China,16,0,0,23-01-2020
Shanghai,Mainland China,20,0,1,24-01-2020
Shanghai,Mainland China,33,0,1,25-01-2020
Shanghai,Mainland China,40,1,1,26-01-2020
Shanghai,Mainland China,53,1,3,27-01-2020
Shanghai,Mainland China,66,1,4,28-01-2020
Shanghai,Mainland China,96,1,5,29-01-2020
Shanghai,Mainland China,112,1,5,30-01-2020
Shanghai,Mainland China,135,1,9,31-01-2020
Shanghai,Mainland China,169,1,10,01-02-2020
Shanghai,Mainland China,182,1,10,02-02-2020
Shanghai,Mainland China,203,1,10,03-02-2020
Shanghai,Mainland China,219,1,12,04-02-2020
Shanghai,Mainland China,243,1,15,05-02-2020
Shanghai,Mainland China,257,1,25,06-02-2020
Shanghai,Mainland China,277,1,30,07-02-2020
Shanghai,Mainland China,286,1,41,08-02-2020
Shanghai,Mainland China,293,1,44,09-02-2020
Shanghai,Mainland China,299,1,48,10-02-2020
Shanghai,Mainland China,303,1,52,11-02-2020
Shanghai,Mainland China,311,1,57,12-02-2020
Shanghai,Mainland China,315,1,62,13-02-2020
Shanghai,Mainland China,318,1,90,14-02-2020
Shanghai,Mainland China,326,1,124,15-02-2020
Shanghai,Mainland China,328,1,140,16-02-2020
Shanghai,Mainland China,333,1,161,17-02-2020
Shanghai,Mainland China,333,1,177,18-02-2020
Shanghai,Mainland China,333,2,186,19-02-2020
Shanghai,Mainland China,334,2,199,20-02-2020
Shanghai,Mainland China,334,2,211,21-02-2020
Shanghai,Mainland China,335,3,227,22-02-2020
Shanghai,Mainland China,335,3,249,23-02-2020
Shanghai,Mainland China,335,3,261,24-02-2020
Shanghai,Mainland China,336,3,268,25-02-2020
Shanghai,Mainland China,337,3,272,26-02-2020
Shanghai,Mainland China,337,3,276,27-02-2020
Shanghai,Mainland China,337,3,279,28-02-2020
Shanghai,Mainland China,337,3,287,29-02-2020
Shanghai,Mainland China,337,3,290,01-03-2020
Shanghai,Mainland China,337,3,292,02-03-2020
Shanghai,Mainland China,338,3,294,03-03-2020
Shanghai,Mainland China,338,3,298,04-03-2020
Shanghai,Mainland China,339,3,303,05-03-2020
Shanghai,Mainland China,342,3,306,06-03-2020
Shanghai,Mainland China,342,3,313,07-03-2020
Shanghai,Mainland China,342,3,314,08-03-2020
Shanghai,Mainland China,342,3,315,09-03-2020
Shanghai,Mainland China,344,3,319,10-03-2020
Shanghai,Mainland China,344,3,320,11-03-2020
Shanghai,Mainland China,344,3,321,12-03-2020
Shanghai,Mainland China,346,3,324,13-03-2020
Shanghai,Mainland China,353,3,324,14-03-2020
Shanghai,Mainland China,353,3,324,15-03-2020
Shanxi,Mainland China,1,0,0,22-01-2020
Shanxi,Mainland China,1,0,0,23-01-2020
Shanxi,Mainland China,1,0,0,24-01-2020
Shanxi,Mainland China,6,0,0,25-01-2020
Shanxi,Mainland China,9,0,0,26-01-2020
Shanxi,Mainland China,13,0,0,27-01-2020
Shanxi,Mainland China,27,0,0,28-01-2020
Shanxi,Mainland China,27,0,1,29-01-2020
Shanxi,Mainland China,35,0,1,30-01-2020
Shanxi,Mainland China,39,0,1,31-01-2020
Shanxi,Mainland China,47,0,1,01-02-2020
Shanxi,Mainland China,66,0,3,02-02-2020
Shanxi,Mainland China,74,0,2,03-02-2020
Shanxi,Mainland China,81,0,4,04-02-2020
Shanxi,Mainland China,81,0,5,05-02-2020
Shanxi,Mainland China,96,0,12,06-02-2020
Shanxi,Mainland China,104,0,15,07-02-2020
Shanxi,Mainland China,115,0,21,08-02-2020
Shanxi,Mainland China,119,0,25,09-02-2020
Shanxi,Mainland China,119,0,25,10-02-2020
Shanxi,Mainland China,124,0,30,11-02-2020
Shanxi,Mainland China,126,0,33,12-02-2020
Shanxi,Mainland China,126,0,36,13-02-2020
Shanxi,Mainland China,127,0,38,14-02-2020
Shanxi,Mainland China,128,0,46,15-02-2020
Shanxi,Mainland China,129,0,50,16-02-2020
Shanxi,Mainland China,130,0,53,17-02-2020
Shanxi,Mainland China,131,0,61,18-02-2020
Shanxi,Mainland China,131,0,68,19-02-2020
Shanxi,Mainland China,132,0,76,20-02-2020
Shanxi,Mainland China,132,0,78,21-02-2020
Shanxi,Mainland China,132,0,81,22-02-2020
Shanxi,Mainland China,132,0,88,23-02-2020
Shanxi,Mainland China,133,0,94,24-02-2020
Shanxi,Mainland China,133,0,98,25-02-2020
Shanxi,Mainland China,133,0,104,26-02-2020
Shanxi,Mainland China,133,0,107,27-02-2020
Shanxi,Mainland China,133,0,112,28-02-2020
Shanxi,Mainland China,133,0,114,29-02-2020
Shanxi,Mainland China,133,0,116,01-03-2020
Shanxi,Mainland China,133,0,119,02-03-2020
Shanxi,Mainland China,133,0,124,03-03-2020
Shanxi,Mainland China,133,0,124,04-03-2020
Shanxi,Mainland China,133,0,126,05-03-2020
Shanxi,Mainland China,133,0,126,06-03-2020
Shanxi,Mainland China,133,0,126,07-03-2020
Shanxi,Mainland China,133,0,126,08-03-2020
Shanxi,Mainland China,133,0,127,09-03-2020
Shanxi,Mainland China,133,0,131,10-03-2020
Shanxi,Mainland China,133,0,131,11-03-2020
Shanxi,Mainland China,133,0,132,12-03-2020
Shanxi,Mainland China,133,0,133,13-03-2020
Shanxi,Mainland China,133,0,133,14-03-2020
Shanxi,Mainland China,133,0,133,15-03-2020
Sichuan,Mainland China,5,0,0,22-01-2020
Sichuan,Mainland China,8,0,0,23-01-2020
Sichuan,Mainland China,15,0,0,24-01-2020
Sichuan,Mainland China,28,0,0,25-01-2020
Sichuan,Mainland China,44,0,0,26-01-2020
Sichuan,Mainland China,69,0,0,27-01-2020
Sichuan,Mainland China,90,0,0,28-01-2020
Sichuan,Mainland China,108,1,1,29-01-2020
Sichuan,Mainland China,142,1,1,30-01-2020
Sichuan,Mainland China,177,1,1,31-01-2020
Sichuan,Mainland China,207,1,3,01-02-2020
Sichuan,Mainland China,231,1,11,02-02-2020
Sichuan,Mainland China,254,1,14,03-02-2020
Sichuan,Mainland China,282,1,14,04-02-2020
Sichuan,Mainland China,301,1,24,05-02-2020
Sichuan,Mainland China,321,1,31,06-02-2020
Sichuan,Mainland China,344,1,42,07-02-2020
Sichuan,Mainland China,364,1,60,08-02-2020
Sichuan,Mainland China,386,1,71,09-02-2020
Sichuan,Mainland China,405,1,80,10-02-2020
Sichuan,Mainland China,417,1,85,11-02-2020
Sichuan,Mainland China,436,1,92,12-02-2020
Sichuan,Mainland China,451,1,104,13-02-2020
Sichuan,Mainland China,463,1,114,14-02-2020
Sichuan,Mainland China,470,1,119,15-02-2020
Sichuan,Mainland China,481,3,131,16-02-2020
Sichuan,Mainland China,495,3,156,17-02-2020
Sichuan,Mainland China,508,3,169,18-02-2020
Sichuan,Mainland China,514,3,188,19-02-2020
Sichuan,Mainland China,520,3,217,20-02-2020
Sichuan,Mainland China,525,3,231,21-02-2020
Sichuan,Mainland China,526,3,250,22-02-2020
Sichuan,Mainland China,526,3,261,23-02-2020
Sichuan,Mainland China,527,3,276,24-02-2020
Sichuan,Mainland China,529,3,289,25-02-2020
Sichuan,Mainland China,531,3,307,26-02-2020
Sichuan,Mainland China,534,3,321,27-02-2020
Sichuan,Mainland China,538,3,338,28-02-2020
Sichuan,Mainland China,538,3,351,29-02-2020
Sichuan,Mainland China,538,3,365,01-03-2020
Sichuan,Mainland China,538,3,386,02-03-2020
Sichuan,Mainland China,538,3,394,03-03-2020
Sichuan,Mainland China,538,3,406,04-03-2020
Sichuan,Mainland China,539,3,425,05-03-2020
Sichuan,Mainland China,539,3,442,06-03-2020
Sichuan,Mainland China,539,3,454,07-03-2020
Sichuan,Mainland China,539,3,464,08-03-2020
Sichuan,Mainland China,539,3,466,09-03-2020
Sichuan,Mainland China,539,3,478,10-03-2020
Sichuan,Mainland China,539,3,488,11-03-2020
Sichuan,Mainland China,539,3,498,12-03-2020
Sichuan,Mainland China,539,3,503,13-03-2020
Sichuan,Mainland China,539,3,511,14-03-2020
Sichuan,Mainland China,539,3,516,15-03-2020
Tianjin,Mainland China,4,0,0,22-01-2020
Tianjin,Mainland China,4,0,0,23-01-2020
Tianjin,Mainland China,8,0,0,24-01-2020
Tianjin,Mainland China,10,0,0,25-01-2020
Tianjin,Mainland China,14,0,0,26-01-2020
Tianjin,Mainland China,23,0,0,27-01-2020
Tianjin,Mainland China,24,0,0,28-01-2020
Tianjin,Mainland China,27,0,0,29-01-2020
Tianjin,Mainland China,31,0,0,30-01-2020
Tianjin,Mainland China,32,0,0,31-01-2020
Tianjin,Mainland China,41,0,0,01-02-2020
Tianjin,Mainland China,48,0,1,02-02-2020
Tianjin,Mainland China,60,0,1,03-02-2020
Tianjin,Mainland China,67,0,2,04-02-2020
Tianjin,Mainland China,69,1,2,05-02-2020
Tianjin,Mainland China,79,1,2,06-02-2020
Tianjin,Mainland China,81,1,2,07-02-2020
Tianjin,Mainland China,88,1,4,08-02-2020
Tianjin,Mainland China,91,1,4,09-02-2020
Tianjin,Mainland China,95,1,8,10-02-2020
Tianjin,Mainland China,106,2,10,11-02-2020
Tianjin,Mainland China,112,2,11,12-02-2020
Tianjin,Mainland China,119,3,21,13-02-2020
Tianjin,Mainland China,120,3,31,14-02-2020
Tianjin,Mainland China,122,3,37,15-02-2020
Tianjin,Mainland China,124,3,45,16-02-2020
Tianjin,Mainland China,125,3,46,17-02-2020
Tianjin,Mainland China,128,3,48,18-02-2020
Tianjin,Mainland China,130,3,54,19-02-2020
Tianjin,Mainland China,131,3,59,20-02-2020
Tianjin,Mainland China,132,3,62,21-02-2020
Tianjin,Mainland China,135,3,65,22-02-2020
Tianjin,Mainland China,135,3,81,23-02-2020
Tianjin,Mainland China,135,3,87,24-02-2020
Tianjin,Mainland China,135,3,91,25-02-2020
Tianjin,Mainland China,135,3,96,26-02-2020
Tianjin,Mainland China,136,3,102,27-02-2020
Tianjin,Mainland China,136,3,102,28-02-2020
Tianjin,Mainland China,136,3,109,29-02-2020
Tianjin,Mainland China,136,3,111,01-03-2020
Tianjin,Mainland China,136,3,111,02-03-2020
Tianjin,Mainland China,136,3,124,03-03-2020
Tianjin,Mainland China,136,3,124,04-03-2020
Tianjin,Mainland China,136,3,128,05-03-2020
Tianjin,Mainland China,136,3,128,06-03-2020
Tianjin,Mainland China,136,3,128,07-03-2020
Tianjin,Mainland China,136,3,128,08-03-2020
Tianjin,Mainland China,136,3,130,09-03-2020
Tianjin,Mainland China,136,3,131,10-03-2020
Tianjin,Mainland China,136,3,131,11-03-2020
Tianjin,Mainland China,136,3,132,12-03-2020
Tianjin,Mainland China,136,3,132,13-03-2020
Tianjin,Mainland China,136,3,132,14-03-2020
Tianjin,Mainland China,136,3,133,15-03-2020
Tibet,Mainland China,1,0,0,30-01-2020
Tibet,Mainland China,1,0,0,31-01-2020
Tibet,Mainland China,1,0,0,01-02-2020
Tibet,Mainland China,1,0,0,02-02-2020
Tibet,Mainland China,1,0,0,03-02-2020
Tibet,Mainland China,1,0,0,04-02-2020
Tibet,Mainland China,1,0,0,05-02-2020
Tibet,Mainland China,1,0,0,06-02-2020
Tibet,Mainland China,1,0,0,07-02-2020
Tibet,Mainland China,1,0,0,08-02-2020
Tibet,Mainland China,1,0,0,09-02-2020
Tibet,Mainland China,1,0,0,10-02-2020
Tibet,Mainland China,1,0,0,11-02-2020
Tibet,Mainland China,1,0,1,12-02-2020
Tibet,Mainland China,1,0,1,13-02-2020
Tibet,Mainland China,1,0,1,14-02-2020
Tibet,Mainland China,1,0,1,15-02-2020
Tibet,Mainland China,1,0,1,16-02-2020
Tibet,Mainland China,1,0,1,17-02-2020
Tibet,Mainland China,1,0,1,18-02-2020
Tibet,Mainland China,1,0,1,19-02-2020
Tibet,Mainland China,1,0,1,20-02-2020
Tibet,Mainland China,1,0,1,21-02-2020
Tibet,Mainland China,1,0,1,22-02-2020
Tibet,Mainland China,1,0,1,23-02-2020
Tibet,Mainland China,1,0,1,24-02-2020
Tibet,Mainland China,1,0,1,25-02-2020
Tibet,Mainland China,1,0,1,26-02-2020
Tibet,Mainland China,1,0,1,27-02-2020
Tibet,Mainland China,1,0,1,28-02-2020
Tibet,Mainland China,1,0,1,29-02-2020
Tibet,Mainland China,1,0,1,01-03-2020
Tibet,Mainland China,1,0,1,02-03-2020
Tibet,Mainland China,1,0,1,03-03-2020
Tibet,Mainland China,1,0,1,04-03-2020
Tibet,Mainland China,1,0,1,05-03-2020
Tibet,Mainland China,1,0,1,06-03-2020
Tibet,Mainland China,1,0,1,07-03-2020
Tibet,Mainland China,1,0,1,08-03-2020
Tibet,Mainland China,1,0,1,09-03-2020
Tibet,Mainland China,1,0,1,10-03-2020
Tibet,Mainland China,1,0,1,11-03-2020
Tibet,Mainland China,1,0,1,12-03-2020
Tibet,Mainland China,1,0,1,13-03-2020
Tibet,Mainland China,1,0,1,14-03-2020
Tibet,Mainland China,1,0,1,15-03-2020
Xinjiang,Mainland China,0,0,0,22-01-2020
Xinjiang,Mainland China,2,0,0,23-01-2020
Xinjiang,Mainland China,2,0,0,24-01-2020
Xinjiang,Mainland China,3,0,0,25-01-2020
Xinjiang,Mainland China,4,0,0,26-01-2020
Xinjiang,Mainland China,5,0,0,27-01-2020
Xinjiang,Mainland China,10,0,0,28-01-2020
Xinjiang,Mainland China,13,0,0,29-01-2020
Xinjiang,Mainland China,14,0,0,30-01-2020
Xinjiang,Mainland China,17,0,0,31-01-2020
Xinjiang,Mainland China,18,0,0,01-02-2020
Xinjiang,Mainland China,21,0,0,02-02-2020
Xinjiang,Mainland China,24,0,0,03-02-2020
Xinjiang,Mainland China,29,0,0,04-02-2020
Xinjiang,Mainland China,32,0,0,05-02-2020
Xinjiang,Mainland China,36,0,0,06-02-2020
Xinjiang,Mainland China,39,0,0,07-02-2020
Xinjiang,Mainland China,42,0,0,08-02-2020
Xinjiang,Mainland China,45,0,0,09-02-2020
Xinjiang,Mainland China,49,0,0,10-02-2020
Xinjiang,Mainland China,55,0,3,11-02-2020
Xinjiang,Mainland China,59,0,3,12-02-2020
Xinjiang,Mainland China,63,1,6,13-02-2020
Xinjiang,Mainland China,65,1,6,14-02-2020
Xinjiang,Mainland China,70,1,10,15-02-2020
Xinjiang,Mainland China,71,1,12,16-02-2020
Xinjiang,Mainland China,75,1,12,17-02-2020
Xinjiang,Mainland China,76,1,12,18-02-2020
Xinjiang,Mainland China,76,1,20,19-02-2020
Xinjiang,Mainland China,76,1,22,20-02-2020
Xinjiang,Mainland China,76,1,24,21-02-2020
Xinjiang,Mainland China,76,2,25,22-02-2020
Xinjiang,Mainland China,76,2,28,23-02-2020
Xinjiang,Mainland China,76,2,30,24-02-2020
Xinjiang,Mainland China,76,2,30,25-02-2020
Xinjiang,Mainland China,76,2,34,26-02-2020
Xinjiang,Mainland China,76,2,43,27-02-2020
Xinjiang,Mainland China,76,3,52,28-02-2020
Xinjiang,Mainland China,76,3,62,29-02-2020
Xinjiang,Mainland China,76,3,64,01-03-2020
Xinjiang,Mainland China,76,3,66,02-03-2020
Xinjiang,Mainland China,76,3,68,03-03-2020
Xinjiang,Mainland China,76,3,69,04-03-2020
Xinjiang,Mainland China,76,3,70,05-03-2020
Xinjiang,Mainland China,76,3,71,06-03-2020
Xinjiang,Mainland China,76,3,72,07-03-2020
Xinjiang,Mainland China,76,3,73,08-03-2020
Xinjiang,Mainland China,76,3,73,09-03-2020
Xinjiang,Mainland China,76,3,73,10-03-2020
Xinjiang,Mainland China,76,3,73,11-03-2020
Xinjiang,Mainland China,76,3,73,12-03-2020
Xinjiang,Mainland China,76,3,73,13-03-2020
Xinjiang,Mainland China,76,3,73,14-03-2020
Xinjiang,Mainland China,76,3,73,15-03-2020
Yunnan,Mainland China,1,0,0,22-01-2020
Yunnan,Mainland China,2,0,0,23-01-2020
Yunnan,Mainland China,5,0,0,24-01-2020
Yunnan,Mainland China,11,0,0,25-01-2020
Yunnan,Mainland China,16,0,0,26-01-2020
Yunnan,Mainland China,26,0,0,27-01-2020
Yunnan,Mainland China,44,0,0,28-01-2020
Yunnan,Mainland China,55,0,0,29-01-2020
Yunnan,Mainland China,70,0,0,30-01-2020
Yunnan,Mainland China,83,0,1,31-01-2020
Yunnan,Mainland China,93,0,2,01-02-2020
Yunnan,Mainland China,105,0,3,02-02-2020
Yunnan,Mainland China,117,0,5,03-02-2020
Yunnan,Mainland China,122,0,5,04-02-2020
Yunnan,Mainland China,128,0,5,05-02-2020
Yunnan,Mainland China,133,0,7,06-02-2020
Yunnan,Mainland China,138,0,12,07-02-2020
Yunnan,Mainland China,138,0,17,08-02-2020
Yunnan,Mainland China,141,0,18,09-02-2020
Yunnan,Mainland China,149,0,19,10-02-2020
Yunnan,Mainland China,153,0,20,11-02-2020
Yunnan,Mainland China,154,0,26,12-02-2020
Yunnan,Mainland China,156,0,27,13-02-2020
Yunnan,Mainland China,162,0,36,14-02-2020
Yunnan,Mainland China,168,0,42,15-02-2020
Yunnan,Mainland China,171,0,42,16-02-2020
Yunnan,Mainland China,171,0,47,17-02-2020
Yunnan,Mainland China,172,0,57,18-02-2020
Yunnan,Mainland China,172,1,60,19-02-2020
Yunnan,Mainland China,174,2,79,20-02-2020
Yunnan,Mainland China,174,2,96,21-02-2020
Yunnan,Mainland China,174,2,107,22-02-2020
Yunnan,Mainland China,174,2,115,23-02-2020
Yunnan,Mainland China,174,2,124,24-02-2020
Yunnan,Mainland China,174,2,129,25-02-2020
Yunnan,Mainland China,174,2,144,26-02-2020
Yunnan,Mainland China,174,2,150,27-02-2020
Yunnan,Mainland China,174,2,156,28-02-2020
Yunnan,Mainland China,174,2,157,29-02-2020
Yunnan,Mainland China,174,2,163,01-03-2020
Yunnan,Mainland China,174,2,168,02-03-2020
Yunnan,Mainland China,174,2,169,03-03-2020
Yunnan,Mainland China,174,2,169,04-03-2020
Yunnan,Mainland China,174,2,169,05-03-2020
Yunnan,Mainland China,174,2,170,06-03-2020
Yunnan,Mainland China,174,2,170,07-03-2020
Yunnan,Mainland China,174,2,170,08-03-2020
Yunnan,Mainland China,174,2,170,09-03-2020
Yunnan,Mainland China,174,2,170,10-03-2020
Yunnan,Mainland China,174,2,170,11-03-2020
Yunnan,Mainland China,174,2,170,12-03-2020
Yunnan,Mainland China,174,2,170,13-03-2020
Yunnan,Mainland China,174,2,172,14-03-2020
Yunnan,Mainland China,174,2,172,15-03-2020
Zhejiang,Mainland China,10,0,0,22-01-2020
Zhejiang,Mainland China,27,0,0,23-01-2020
Zhejiang,Mainland China,43,0,1,24-01-2020
Zhejiang,Mainland China,62,0,1,25-01-2020
Zhejiang,Mainland China,104,0,1,26-01-2020
Zhejiang,Mainland China,128,0,1,27-01-2020
Zhejiang,Mainland China,173,0,3,28-01-2020
Zhejiang,Mainland China,296,0,3,29-01-2020
Zhejiang,Mainland China,428,0,4,30-01-2020
Zhejiang,Mainland China,538,0,14,31-01-2020
Zhejiang,Mainland China,599,0,21,01-02-2020
Zhejiang,Mainland China,661,0,32,02-02-2020
Zhejiang,Mainland China,724,0,43,03-02-2020
Zhejiang,Mainland China,829,0,62,04-02-2020
Zhejiang,Mainland China,895,0,78,05-02-2020
Zhejiang,Mainland China,954,0,94,06-02-2020
Zhejiang,Mainland China,1006,0,123,07-02-2020
Zhejiang,Mainland China,1048,0,175,08-02-2020
Zhejiang,Mainland China,1075,0,201,09-02-2020
Zhejiang,Mainland China,1092,0,242,10-02-2020
Zhejiang,Mainland China,1117,0,270,11-02-2020
Zhejiang,Mainland China,1131,0,321,12-02-2020
Zhejiang,Mainland China,1145,0,360,13-02-2020
Zhejiang,Mainland China,1155,0,403,14-02-2020
Zhejiang,Mainland China,1162,0,428,15-02-2020
Zhejiang,Mainland China,1167,0,456,16-02-2020
Zhejiang,Mainland China,1171,0,507,17-02-2020
Zhejiang,Mainland China,1172,0,535,18-02-2020
Zhejiang,Mainland China,1174,0,604,19-02-2020
Zhejiang,Mainland China,1175,1,633,20-02-2020
Zhejiang,Mainland China,1203,1,679,21-02-2020
Zhejiang,Mainland China,1205,1,719,22-02-2020
Zhejiang,Mainland China,1205,1,760,23-02-2020
Zhejiang,Mainland China,1205,1,782,24-02-2020
Zhejiang,Mainland China,1205,1,808,25-02-2020
Zhejiang,Mainland China,1205,1,867,26-02-2020
Zhejiang,Mainland China,1205,1,932,27-02-2020
Zhejiang,Mainland China,1205,1,975,28-02-2020
Zhejiang,Mainland China,1205,1,1016,29-02-2020
Zhejiang,Mainland China,1205,1,1046,01-03-2020
Zhejiang,Mainland China,1206,1,1069,02-03-2020
Zhejiang,Mainland China,1213,1,1093,03-03-2020
Zhejiang,Mainland China,1213,1,1114,04-03-2020
Zhejiang,Mainland China,1215,1,1124,05-03-2020
Zhejiang,Mainland China,1215,1,1147,06-03-2020
Zhejiang,Mainland China,1215,1,1154,07-03-2020
Zhejiang,Mainland China,1215,1,1161,08-03-2020
Zhejiang,Mainland China,1215,1,1176,09-03-2020
Zhejiang,Mainland China,1215,1,1191,10-03-2020
Zhejiang,Mainland China,1215,1,1195,11-03-2020
Zhejiang,Mainland China,1215,1,1197,12-03-2020
Zhejiang,Mainland China,1215,1,1197,13-03-2020
Zhejiang,Mainland China,1227,1,1211,14-03-2020
Zhejiang,Mainland China,1231,1,1211,15-03-2020
